<?xml version="1.0" encoding="UTF-8" standalone="yes"?>
<addon id="repository.spoysers.azerothian" 
        name="Azerothians spoysers XBMC Add-ons" 
        version="1.0.7"
        provider-name="azerothian">
    <extension point="xbmc.addon.repository" 
        name="spoysers XBMC Add-ons">
        <info compressed="false">https://raw.github.com/azerothian/spoyser-repo/master/addons.xml</info>
        <checksum>https://raw.github.com/azerothian/spoyser-repo/master/addons.xml.md5</checksum>
        <datadir zip="true">https://raw.github.com/azerothian/spoyser-repo/master/zips/</datadir>
    </extension>
    <extension point="xbmc.addon.metadata">
        <summary>Install XBMC add-ons from the azerothian's spoyser repository</summary>
        <description>Install XBMC add-ons from azerothian's spoysers repository</description>
        <disclaimer></disclaimer>
        <platform>all</platform>
    </extension>
</addon>